0.105,0.436
0.106,0.435
0.107,0.434
0.109,0.434
0.111,0.433
0.113,0.432
0.115,0.432
0.116,0.431
0.119,0.432
0.12,0.432
0.122,0.432
0.124,0.432
0.128,0.4335
0.129,0.434
0.13,0.434
0.132,0.435
0.135,0.436
0.136,0.436
0.138,0.437
0.14,0.437
0.169,0.438
0.173,0.437
0.177,0.437
0.181,0.436
0.185,0.435
0.189,0.435
0.193,0.435
0.198,0.435
0.202,0.436
0.206,0.437
0.21,0.438
0.215,0.439
0.219,0.439
0.223,0.439
0.228,0.439
0.232,0.439
0.236,0.438
0.241,0.438
0.245,0.439
0.249,0.439
0.254,0.44
0.258,0.441
0.262,0.442
0.266,0.442
0.271,0.442
0.275,0.442
0.28,0.442
0.284,0.442
0.288,0.443
0.293,0.443
0.297,0.444
0.302,0.445
0.306,0.445
0.311,0.445
0.315,0.445
0.319,0.445
0.324,0.446
0.329,0.447
0.333,0.447
0.338,0.448
0.342,0.448
0.347,0.449
0.351,0.449
0.356,0.45
0.36,0.45
0.365,0.451
0.369,0.452
0.374,0.452
0.378,0.453
0.383,0.453
0.387,0.454
0.392,0.455
0.397,0.455
0.401,0.456
0.406,0.457
0.41,0.457
0.415,0.458
0.419,0.459
0.424,0.459
0.428,0.46
0.432,0.461
0.437,0.461
0.441,0.462
0.446,0.463
0.45,0.464
0.455,0.464
0.459,0.465
0.463,0.466
0.468,0.467
0.472,0.468
0.473,0.468
