0.138,0.43200000000000005
0.139,0.43200000000000005
0.14,0.432
0.141,0.43200000000000005
0.142,0.432
0.143,0.432
0.144,0.432
0.145,0.433
0.146,0.433
0.147,0.433
0.148,0.433
0.149,0.433
0.15,0.433
0.151,0.433
0.153,0.433
0.154,0.433
0.155,0.433
0.156,0.433
0.157,0.433
0.158,0.433
0.159,0.433
0.16,0.433
0.161,0.433
0.162,0.433
0.163,0.433
0.165,0.433
0.166,0.434
0.167,0.434
0.168,0.434
0.169,0.434
0.171,0.434
0.172,0.434
0.173,0.434
0.174,0.434
0.175,0.434
0.176,0.434
0.178,0.434
0.179,0.434
0.18,0.434
0.181,0.434
0.182,0.434
0.184,0.434
0.185,0.435
0.186,0.435
0.187,0.435
0.188,0.435
0.189,0.435
0.19,0.435
0.191,0.435
0.193,0.435
0.194,0.435
0.195,0.435
0.196,0.435
0.197,0.435
0.198,0.435
0.2,0.435
0.201,0.435
0.203,0.436
0.204,0.436
0.206,0.436
0.207,0.436
0.208,0.436
0.21,0.436
0.211,0.436
0.212,0.436
0.213,0.436
0.214,0.436
0.215,0.4365
0.217,0.437
0.218,0.437
0.219,0.437
0.22,0.437
0.221,0.437
0.222,0.437
0.223,0.437
0.225,0.437
0.226,0.437
0.228,0.437
0.229,0.437
0.231,0.437
0.232,0.438
0.233,0.438
0.235,0.438
0.237,0.438
0.238,0.438
0.239,0.438
0.241,0.438
0.242,0.438
0.244,0.438
0.245,0.439
0.246,0.439
0.248,0.439
0.249,0.439
0.251,0.439
0.252,0.439
0.254,0.439
0.255,0.439
0.257,0.44
0.258,0.44
0.26,0.44
0.261,0.44
0.262,0.44
0.264,0.44
0.265,0.44
0.267,0.44
0.268,0.44
0.27,0.441
0.271,0.441
0.273,0.441
0.274,0.441
0.275,0.441
0.277,0.441
0.278,0.441
0.28,0.442
0.282,0.442
0.284,0.442
0.285,0.442
0.287,0.442
0.289,0.442
0.29,0.442
0.292,0.443
0.293,0.443
0.295,0.443
0.297,0.443
0.298,0.443
0.3,0.443
0.302,0.444
0.303,0.444
0.304,0.444
0.306,0.444
0.308,0.444
0.309,0.444
0.311,0.445
0.312,0.445
0.314,0.445
0.316,0.445
0.318,0.445
0.319,0.445
0.321,0.446
0.323,0.446
0.325,0.446
0.327,0.446
0.328,0.446
0.33,0.447
0.332,0.447
0.334,0.447
0.335,0.447
0.337,0.447
0.339,0.448
0.341,0.448
0.342,0.448
0.344,0.448
0.346,0.449
0.348,0.449
0.35,0.449
0.352,0.449
0.353,0.449
0.355,0.45
0.357,0.45
0.359,0.45
0.361,0.45
0.363,0.451
0.364,0.451
0.367,0.451
0.369,0.451
0.371,0.452
0.372,0.452
0.374,0.452
0.376,0.452
0.378,0.453
0.38,0.453
0.382,0.453
0.384,0.453
0.386,0.454
0.387,0.454
0.389,0.454
0.391,0.454
0.393,0.455
0.396,0.455
0.398,0.455
0.4,0.456
0.402,0.456
0.404,0.456
0.406,0.456
0.408,0.457
0.41,0.457
0.412,0.457
0.414,0.458
0.416,0.458
0.418,0.458
0.421,0.459
0.423,0.459
0.425,0.459
0.427,0.46
0.43,0.46
0.432,0.461
0.434,0.461
0.436,0.461
0.439,0.462
0.441,0.462
0.443,0.462
0.445,0.463
0.447,0.463
0.45,0.463
0.452,0.464
0.454,0.464
0.457,0.465
0.459,0.465
0.462,0.466
0.464,0.466
0.466,0.466
0.469,0.467
0.471,0.467
0.473,0.468
